{
  "bat": {
    "avg": {
      "mean": 0.24102690639297825,
      "std": 0.050948346837942915
    },
    "obp": {
      "mean": 0.3147841658792875,
      "std": 0.05545354106342228
    },
    "slg": {
      "mean": 0.3342661104308836,
      "std": 0.10378560883618385
    },
    "hr": {
      "mean": 2.395759717314488,
      "std": 2.1330935345337996
    },
    "r": {
      "mean": 10.070671378091873,
      "std": 4.623869004082982
    },
    "rbi": {
      "mean": 9.667844522968197,
      "std": 5.0274080548209374
    },
    "sb": {
      "mean": 1.674911660777385,
      "std": 2.100052054538688
    },
    "so": {
      "mean": 18.58303886925795,
      "std": 7.09869808064727
    }
  },
  "pit": {
    "era": {
      "mean": 4.175433248253322,
      "std": 2.4586910344666224
    },
    "whip": {
      "mean": 0.4370996620374349,
      "std": 0.2330829372374806
    },
    "hld": {
      "mean": 1.0073529411764706,
      "std": 1.5410859593987771
    },
    "so": {
      "mean": 14.691176470588236,
      "std": 8.302947774927402
    },
    "hr": {
      "mean": 1.7205882352941178,
      "std": 1.6240736868300467
    },
    "sv": {
      "mean": 0.4681372549019608,
      "std": 1.21830984692806
    },
    "w": {
      "mean": 0.8848039215686274,
      "std": 0.9387958812496389
    },
    "qs": {
      "mean": 0.5661764705882353,
      "std": 1.0457819516642761
    }
  }
}